"mean_employment_rate","year"
90.1359,2013
90.66569,2014
90.87339,2015
90.22243,2016
90.88585,2017
91.06364,2018
91.0872,2019
94.08273,2020
94.48106,2021
