"university","average_employment_rate_in_2021"
"NTU",93.0564102564103
"NUS",94.8891891891892
"SIT",95.0878787878788
"SMU",96.3833333333333
"SUSS",94.3625
"SUTD",94
