"","University","Mean.Employment.Rate.in.2021"
"1","NTU",93.0564102564103
"2","NUS",94.8891891891892
"3","SIT",95.0878787878788
"4","SMU",96.3833333333333
"5","SUSS",94.2636363636364
